ticker,ann_date,entry_day,surprise,ear,fwd_1,fwd_5,fwd_20,fwd_60
AAPL,2026-01-29,2026-01-30,6.25,0.016815688129466433,0.035609796846827635,0.07378675270871149,0.029227094968346856,0.012947805793980027
AAPL,2025-10-30,2025-10-31,4.52,0.010238034145176989,-0.006758764914462478,0.009232349890177516,0.05072321645784872,-0.06436155929767029
AAPL,2025-07-31,2025-08-01,9.48,-0.011826230506141733,-0.01040670334943905,0.1083976766436292,0.1108270177306716,0.2245273911606238
AAPL,2025-05-01,2025-05-02,1.69,-0.05568340696347662,-0.025724131726789334,-0.028941882670051156,-0.06227332455490997,-0.10340736955412622
AAPL,2025-01-30,2025-01-31,2.26,-0.014054207574726973,-0.027126396365386607,-0.03372123314103548,0.03970310212641792,-0.027901868023636145
AAPL,2024-10-31,2024-11-01,2.48,-0.015782165419507943,-0.0018835341690189855,-0.028255795417208684,0.01893979997672468,0.002439304387270136
AAPL,2024-08-01,2024-08-02,4.36,0.02251926824782846,-0.019043255372942824,-0.016633794304424798,-0.014981964265917025,-0.030471712912879312
AAPL,2024-05-02,2024-05-03,1.46,0.061301269547172854,-0.019433671664755403,-0.019123997718239916,0.02722031716109341,0.1319097725983962
AAPL,2024-02-01,2024-02-02,3.66,-0.0158900817905423,0.013487675304658664,0.0035821173607704093,-0.09295026213129653,-0.10092814155778829
AAPL,2023-11-02,2023-11-03,4.82,-0.01305795024459755,0.01230470049376664,0.042965237681107604,0.023148507741033608,-0.07077088104360585
AAPL,2023-08-03,2023-08-04,5.66,-0.047614629686308474,-0.025981946487099283,-0.019162533038337926,0.032649439287804505,0.0035667207927027045
AAPL,2023-05-04,2023-05-05,6.28,0.025249948433458735,-0.0006698257078154857,-0.001865806163060424,0.0009888819759180656,0.016125414086861856
AAPL,2023-02-02,2023-02-03,-3.78,0.058593820045382605,-0.011817720081158112,-0.010644279419126823,0.016293657375034076,0.09239874167788287
AAPL,2022-10-27,2022-10-28,1.44,0.024461827569712602,-0.008187244775679337,-0.07742482943615814,-0.09014478837701334,-0.1193183595249554
AAPL,2022-07-28,2022-07-29,3.93,0.0091774001979541,-0.0031921621151996815,0.01529716023535621,0.02444319254902083,-0.0024738773949775084
AAPL,2022-04-28,2022-04-29,6.48,0.01952724012159035,-0.004052950399431987,0.0007213314161076401,-0.05732622155463207,0.01840373176864285
AAPL,2022-01-27,2022-01-28,11.2,0.046854456059053584,0.008114648581410089,-0.0018897311401802064,-0.01731529623465944,-0.02269534169945786
AAPL,2021-10-28,2021-10-29,0.17,-0.00531587416003787,-0.007327178470351914,-0.00885274468963626,0.059604821246815876,0.12059319443880201
AAPL,2021-07-27,2021-07-28,28.18,-0.02194899161646713,0.00040490722469654905,0.013246121094404373,0.0018765060905971964,-0.004362801477493017
AAPL,2021-04-28,2021-04-29,42.16,-0.012854763449288265,-0.008562870700206227,-0.02566221583470729,-0.05800478439589729,0.06476107038916368
AAPL,2021-01-27,2021-01-28,18.67,-0.02634964953845831,-0.017401036736837572,-0.020479054253924156,-0.1213787875018878,-0.12531195065942835
AAPL,2020-10-29,2020-10-30,4.48,-0.020675634167212298,-0.012035562913414899,0.019846307694502796,-0.013283845631888669,0.10010765160890034
AAPL,2020-07-30,2020-07-31,24.47,0.11374937258429019,0.01824549295079758,0.02289770954375081,0.10297993428843877,0.0410972728845751
AAPL,2020-04-30,2020-05-01,12.93,0.04019459515662005,0.011391163441873742,0.04163412467951799,0.03592816870562121,0.1531553179907268
AAPL,2020-01-28,2020-01-29,9.97,0.04016984808825863,-0.004694663661576781,-0.02801506366291462,-0.06556114382583433,0.0030660941330235003
AAPL,2019-10-30,2019-10-31,6.54,0.022087799358839977,0.019116835761418205,0.030034802196458044,0.04135580190025023,0.22566654535604225
AAPL,2019-07-30,2019-07-31,3.71,0.029393104534552572,-0.01293139830432033,-0.0339101474482022,-0.0028738451651729724,0.13314904572725395
AAPL,2019-04-30,2019-05-01,4.05,0.03589385945706025,-0.004348602229700349,-0.021529072769798874,-0.10599233542747877,-0.04939340181205043
AAPL,2019-01-29,2019-01-30,0.27,0.04277882114082687,-0.001581455322750669,0.03511846399085283,0.010816704681073874,0.1402486334526698
AAPL,2018-11-01,2018-11-02,4.55,-0.056652455055713036,-0.033905348769687094,-0.032658717444219,-0.13336064652771462,-0.1936854655122361
AAPL,2018-07-31,2018-08-01,7.38,0.05777857031846034,0.023782821955635303,0.01215744276052888,0.07266898723130111,0.1286732440411671
AAPL,2018-05-01,2018-05-02,2.19,0.07339008672875202,0.004016019271387838,0.03717259734583478,0.03300736224674328,0.011755282305083048
AAPL,2018-02-01,2018-02-02,1.1,-0.01851027462878696,0.01683818339320653,0.029134841226450936,0.11800911806920034,0.09203570079214363
AAPL,2017-11-02,2017-11-03,10.53,0.02988640014746813,0.00859779936901739,0.017613406942724175,-0.03412929607179249,-0.11892919612384834
AAPL,2017-08-01,2017-08-02,6.15,0.053830841183997835,-0.008051205748651702,0.025713751406266083,0.04937941420809211,-0.0325340009298285
AAPL,2017-05-02,2017-05-03,3.88,0.004112842174795128,-0.004778548138244854,0.03633097584534539,0.025451700106925212,-0.01961040471397313
AAPL,2017-01-31,2017-02-01,4.25,0.05823079461000358,-0.002368043799313213,0.018436253992311746,0.03719189589128091,0.07006118991914012
AAPL,2016-10-25,2016-10-26,0.81,-0.012158260857037195,-0.006935578718693103,-0.01589071193853131,-0.06534162963168255,-0.027899924834347667
AAPL,2016-07-26,2016-07-27,2.74,0.05823307551421897,0.012346914221798011,0.029156369405496374,0.04888614742765429,0.1504197553445239
AAPL,2016-04-26,2016-04-27,-5.09,-0.0726375510973184,-0.021490622180278418,-0.01637844064188243,0.024935699857392524,-0.028356843613837945
AAPL,2016-01-26,2016-01-27,1.67,-0.06315112136621759,0.001963356727540999,0.014514506195442811,0.001986011344827343,0.02087073128230421
AAPL,2015-10-27,2015-10-28,4.65,0.02519080659829953,0.01113856516048406,0.016141186560691523,-0.007930992454858288,-0.07374463713803903
AAPL,2015-07-21,2015-07-22,1.89,-0.04612738296372643,0.005150604942571468,-0.014970460417894182,-0.06294955736946961,-0.06495178616121489
AAPL,2015-04-27,2015-04-28,7.93,0.0031414376543352773,-0.010591601767424352,-0.024445892944838676,0.009601303417508422,-0.03623209740724542
AAPL,2015-01-27,2015-01-28,17.36,0.045385593151907155,0.021889831342884802,0.01727134006127673,0.07934099491720525,0.07205298483421685
AAPL,2014-10-20,2014-10-21,8.62,0.01943191169073355,0.012185381482330171,0.01930823818807892,0.07259859567345162,-0.00585230509388035
AAPL,2014-07-22,2014-07-23,3.82,0.02800947985654445,-0.0016968975009268306,0.0182339201870082,0.03851449977684185,0.053247687109104436
AAPL,2014-04-23,2014-04-24,14.28,0.06815852861505822,0.015544358221418086,0.0390976962251961,0.06617446575115737,0.10898378416360144
AAPL,2014-01-27,2014-01-28,3.22,-0.07346974492747493,-0.0017472781784289015,0.025072356118750472,-0.00474235330553463,0.07412833757414417
AAPL,2013-10-28,2013-10-29,3.79,-0.024577418911852167,0.020876196376754086,0.022053422040939297,0.018575811124836417,0.06148100289626712
AAPL,2013-07-23,2013-07-24,2.52,0.03909075231944892,-0.0069959936967813885,0.02615850580808199,0.17143329090200465,0.11992457755414798
AAPL,2013-04-23,2013-04-24,0.93,0.006081828876618456,0.0031483521445032636,0.08090348819609083,0.044733743801943726,-0.022173208286033308
AAPL,2013-01-23,2013-01-24,2.04,-0.1093912528062505,-0.029195591516538277,0.009135468557546877,-0.010078501848886923,-0.1597860473792807
AAPL,2012-10-25,2012-10-26,-0.85,-0.023139084084005,-0.014370792172390234,-0.046406971545939646,-0.031237773619203657,-0.3210677443173956
AAPL,2012-07-24,2012-07-25,-10.1,-0.03943023480939711,-0.01665367297990883,0.02827909778475024,0.10963290784596302,0.010680258258178643
AAPL,2012-04-24,2012-04-25,23.8,0.049447944461191495,-0.01073909818783747,-0.04749543898313813,-0.014938965295638984,0.005117516057675742
AAPL,2012-01-24,2012-01-25,36.99,0.037820004383613215,0.0005850498799749859,0.022015414353641516,0.12541159926389422,0.2375885655844827
AAPL,2011-10-18,2011-10-19,-3.13,-0.05836808592605214,-0.012679483624097765,-0.02120283270551715,-0.059099172188749716,-0.00912454940854901
AAPL,2011-07-19,2011-07-20,33.38,0.019426663742603267,-0.01286299085536391,0.030160756292931135,0.08115458522562813,0.1424660572978086
AAPL,2011-04-20,2011-04-21,19.59,0.019193600683512058,0.007633330285848894,-0.021433482462740683,-0.04286962384986703,0.07749507384161602
AAPL,2011-01-18,2011-01-19,19.21,-0.019541764850984467,-0.01685447452592692,0.0037132791540277488,0.02802039251273114,-0.04921277549639813
AAPL,2010-10-18,2010-10-19,13.62,-0.00843901919130119,-0.006405293002095913,-0.02170070256648471,-0.037776069336375784,0.011434127180495857
AAPL,2010-07-20,2010-07-21,12.93,0.037313652727665736,-0.0035202603819441958,-0.008684417464077887,-0.030005275860036762,0.08616098432114261
AAPL,2010-04-20,2010-04-21,36.29,0.042081145724624625,0.024985386617447425,0.019789908749650142,0.03178904022229656,0.07586879899261201
AAPL,2010-01-25,2010-01-26,74.9,0.040499807923920494,0.004663712798223862,-0.05873450495949728,-0.039452103813111816,0.18223545742842462
AAPL,2009-10-19,2009-10-20,27.38,0.054014373838723984,0.03996527622981605,0.018554496160499978,0.021953220532349826,-0.01009256443789508
AAPL,2009-07-21,2009-07-22,15.14,0.020632425381241104,-0.015193027788612978,-0.000987658255868329,0.003992498492035201,0.0621073780202146
AAPL,2009-04-22,2009-04-23,21.55,0.02624943815475067,-0.027071819775018935,-0.020583360007316642,-0.05470887841779393,0.09875875681903712
AAPL,2009-01-21,2009-01-22,27.6,0.1028655280382631,-0.004350870673413887,0.030760119936297903,0.09655274367065125,0.34830641757824954
AAPL,2008-10-21,2008-10-22,13.12,0.06673501801887138,0.002455010558622517,0.05236158224258003,-0.008379982659598495,-0.08884984652870265
AAPL,2008-07-21,2008-07-22,10.02,-0.030859349619649756,0.020757367577401986,-0.02107662224390172,0.07488429900691118,-0.10568249974752919
AAPL,2008-04-23,2008-04-24,7.97,0.051801732781327825,-0.004576874999772551,0.04522448925078204,0.03940272936234224,0.06846400835013433
AAPL,2008-01-22,2008-01-23,8.87,-0.15176838682736982,-0.03339268465983258,-0.05738733780582672,-0.13299883831533899,0.11834282976921151
AAPL,2007-10-22,2007-10-23,20.43,0.07839670035759183,0.0006090904036476497,-0.004055037299188102,-0.046068716478710914,-0.008027560683313673
AAPL,2007-07-25,2007-07-26,27.71,0.10404176405070953,0.004933821122869664,-0.062299534073043006,-0.09212628327695782,0.15131638638199219
AAPL,2007-04-25,2007-04-26,36.51,0.0497298418415848,0.011728791765524327,0.011105763296443083,0.11046883528308649,0.4205631298184389
AAPL,2007-01-17,2007-01-18,45.81,-0.0797613166604304,-0.008364043183253456,-0.029695919738056076,-0.06620760998372122,-0.006770819942996109
AAPL,2006-10-18,2006-10-19,21.18,0.060333758792367354,0.011934143505739403,0.026111110565426143,0.057713329542007585,0.07992287833764666
AAPL,2006-07-19,2006-07-20,23.34,0.1367292475725579,0.010685857539535992,0.03287398536090014,0.07553386855826028,0.14065823718761394
AAPL,2006-04-19,2006-04-20,12.23,0.01800308239763182,-0.00887711831801663,0.02634265391360391,-0.02827874791618845,-0.17039057993530904
AAPL,2006-01-18,2006-01-19,5.84,-0.0667785383789613,-0.01908579496567564,-0.07748932844087975,-0.11378557894725427,-0.18675017845362107
AAPL,2005-10-11,2005-10-12,3.35,-0.012961019187555878,0.09176370095763697,0.09612937319086567,0.17889114653111604,0.4424377590668118
AAPL,2005-07-13,2005-07-14,18.79,0.060321389566004635,0.02020157100590425,0.06387653933248916,0.07235136603991932,0.28160217384868247
AAPL,2005-04-13,2005-04-14,49.88,-0.10189756036069042,-0.03726896605391661,-0.004220734756672617,-0.08555915906900613,-0.03500253422997868
AAPL,2005-01-12,2005-01-13,42.05,0.08590291741685685,0.0004597580671192869,0.017027208037449615,0.13668623204765185,0.20920352688150712
MSFT,2026-01-28,2026-01-29,5.69,-0.0958801312306341,-0.004422364589266148,-0.06822147971765558,-0.08035878916403627,-0.05104539858922952
MSFT,2025-10-29,2025-10-30,12.73,-0.019565322591588163,-0.01840118199550833,-0.040508038343610275,-0.06767776967118755,-0.10817582783521962
MSFT,2025-07-30,2025-07-31,8.09,0.045839167912071876,-0.001210259900874755,-0.0239987617441364,-0.06979505095016814,-0.09135747889742707
MSFT,2025-04-30,2025-05-01,7.4,0.07209918166246365,0.008381189771848652,0.018218680026145684,0.028802548708309006,0.06626164136204471
MSFT,2025-01-29,2025-01-30,3.47,-0.07288614380931535,0.005490571994259064,-0.00011573658961716582,-0.023507372305403007,0.031292417533349326
MSFT,2024-10-30,2024-10-31,6.13,-0.036697117386767286,0.005672135152032798,-0.0004743455146531961,-0.015440963253339657,-0.044286743838334974
MSFT,2024-07-30,2024-07-31,0.23,-0.03074329112499341,0.011196744844024775,0.010752812990649896,-0.03035454501000412,-0.037760192266885984
MSFT,2024-04-25,2024-04-26,3.4,-0.012337427328610207,-0.013558252132278459,-0.005124809942832265,0.01891106179498414,-0.01082757986532723
MSFT,2024-01-30,2024-01-31,5.83,-0.012551878606596234,0.002506073400112996,0.009906246832574794,-0.009868726802827243,-0.03195733278772073
MSFT,2023-10-24,2023-10-25,12.85,0.04138609643533564,-0.025539908909823272,0.0036127712422167058,0.021651127654415347,0.007394130113948627
MSFT,2023-07-25,2023-07-26,5.59,-0.02415282277941555,-0.014242314431247016,-0.018594391445160063,-0.002438136770491872,0.0435194734617107
MSFT,2023-04-25,2023-04-26,9.77,0.06830855392304858,0.012119828931138388,0.021520496510603948,0.048244660343854884,0.043524310056981985
MSFT,2023-01-24,2023-01-25,0.21,-0.007421898935441984,0.019723057278591805,0.024352630024991218,0.06072799868767742,0.15709383936735222
MSFT,2022-10-25,2022-10-26,1.92,-0.07274291206393735,-0.014415923382101958,-0.029787946392953457,0.019908306581151614,-0.0031082842859944115
MSFT,2022-07-26,2022-07-27,-2.69,0.024459711714371668,0.01599836320090664,0.01765222701428315,-0.003081216574460477,-0.03430327621538776
MSFT,2022-04-26,2022-04-27,1.06,0.03513591740351052,-0.0026269285401478992,-0.004386850243483842,-0.023238426536874468,-0.036078927953446915
MSFT,2022-01-25,2022-01-26,6.97,0.0158346447218205,0.015486871303717953,0.001142970352083772,0.006629927336732178,-0.06064603180863071
MSFT,2021-10-26,2021-10-27,9.3,0.052344864053069484,-0.005997691447156006,0.009763935121053446,0.013378152914039099,-0.05359377333662929
MSFT,2021-07-27,2021-07-28,12.71,-0.004825038540399729,-0.0031691308002841367,0.0006712998500122414,0.034217029072324046,0.05087061125547909
MSFT,2021-04-27,2021-04-28,9.67,-0.026222327598519835,-0.014425995291210025,-0.02782716156792875,-0.013779553109328324,0.08310278771224766
MSFT,2021-01-26,2021-01-27,23.99,0.04064530870326977,0.01729070892834983,0.023495027436237104,-0.0356769239044491,0.007176031609910982
MSFT,2020-10-27,2020-10-28,17.72,0.0022834754101641597,-9.851111673420121e-05,0.015969118660462023,-0.052233249776530766,-0.030608906810655867
MSFT,2020-07-22,2020-07-23,6.42,-0.023441229962697596,0.00031856733274160387,0.0036182524330985455,0.014569985123426443,0.007509152685515996
MSFT,2020-04-29,2020-04-30,10.34,0.038732169570351305,0.0005819713370471824,0.0341355816515958,-0.022254038953760213,0.023053926104167344
MSFT,2020-01-29,2020-01-30,13.96,0.04182349357881532,0.003398855762086095,0.04357048823102194,0.03611382242122507,0.12894342608883624
MSFT,2019-10-23,2019-10-24,10.98,0.02163050053442528,0.0015500694400825132,0.014655886602898072,0.038847255721570884,0.0795779432194299
MSFT,2019-07-18,2019-07-19,12.88,0.004482668236623466,0.010792095150006453,0.018261024423529282,0.027729002096427036,0.024354049120231425
MSFT,2019-04-24,2019-04-25,14.17,0.03241000318391152,0.0010729398744195873,-0.019785628892811324,0.014551918207138193,0.05083029037659159
MSFT,2019-01-30,2019-01-31,0.82,-0.010277850448514148,-0.01628126202864244,0.0072654586061911,0.04330422409255541,0.15447273833123032
MSFT,2018-10-24,2018-10-25,18.12,0.014751328398783348,0.005214679711270098,-0.03467587511270942,-0.018891171706775234,0.0033255448762159467
MSFT,2018-07-19,2018-07-20,4.84,0.01584994420083974,0.014137501462426094,0.007046691240157443,-0.003013799038248388,0.030848997246956555
MSFT,2018-04-26,2018-04-27,11.74,0.02690975621049274,-0.01631281848596211,-0.004862254593218429,0.00998649751907088,0.06723116391706929
MSFT,2018-01-31,2018-02-01,10.93,0.017029415830136063,-0.004541029025875387,-0.013077690441077094,0.036192021511642025,0.05366931294694588
MSFT,2017-10-26,2017-10-27,15.42,0.05639851882922331,0.004680262896651133,0.0010665690939404282,-0.004036223066895106,0.002274972203618608
MSFT,2017-07-20,2017-07-21,38.72,-0.00050254626422086,-0.0023316465260390107,-0.010285425697872275,0.004507491165436361,0.01872016818902722
MSFT,2017-04-27,2017-04-28,4.67,0.010630298561764562,0.011356471806607704,0.0010827470302672282,0.012520834119423618,0.04561120206935931
MSFT,2017-01-26,2017-01-27,6.98,0.03559046723766812,-0.003679533942945068,-0.03354008900117689,-0.053193895466410956,-0.007579460421012207
MSFT,2016-10-20,2016-10-21,11.39,0.038424161946012725,0.018207941915367343,0.010249539506587912,-0.0027243930734912603,-0.01067059450953134
MSFT,2016-07-19,2016-07-20,18.18,0.03299611788561707,0.0018091973528858718,0.007633510216515482,0.030031574671430805,0.03824715945947399
MSFT,2016-04-21,2016-04-22,-2.95,-0.06315934721793137,0.008096420299390394,-0.024253359488774717,0.0010886248266085419,-0.007459489562168464
MSFT,2016-01-28,2016-01-29,10.04,0.04584324672385165,-0.006536603297151666,-0.05970467812726288,-0.06896332023368967,-0.1435772124910305
MSFT,2015-10-22,2015-10-23,14.49,0.0920862160109217,0.028559699990245102,-0.006374187063419079,0.023201281758745917,0.05620846602624918
MSFT,2015-07-21,2015-07-22,9.23,-0.02367280933388094,0.018146143144016746,0.01930733494822734,0.04467430171719056,0.07678308238192211
MSFT,2015-04-23,2015-04-24,17.33,0.10867178891909313,0.007500151948579781,0.020897102647662757,-0.02022712184951636,-0.01124482096166357
MSFT,2015-01-26,2015-01-27,4.1,-0.0849233977035867,-0.021634572091596027,-0.03520586092510669,-0.005333914791070038,-0.02301049402472599
MSFT,2014-10-23,2014-10-24,19.92,0.020023122650961733,-0.003394776402847244,-0.008849414947908585,-0.005517368599863737,-0.026897879067949493
MSFT,2014-07-22,2014-07-23,-8.35,-0.0059187692353768195,-0.010525077392157689,-0.020393228484276937,0.0066302770486263984,0.016368754022321075
MSFT,2014-04-24,2014-04-25,8.17,0.0117314770890653,0.020887235952835148,-0.015013669815878705,-0.009439575694349722,0.06217161248762104
MSFT,2014-01-23,2014-01-24,14.36,0.05384683691737946,-0.01627070246062845,0.0319505398155544,-0.002067699942330803,0.03958991228846065
MSFT,2013-10-24,2013-10-25,13.99,0.05044795182025208,-0.006069130794174482,-0.00707531897286251,0.031850915419325165,-0.02762446510641947
MSFT,2013-07-18,2013-07-19,-11.37,-0.1286965796371018,0.017476174789481602,0.007360705114890287,0.03961864164067208,0.08947646214260896
MSFT,2013-04-18,2013-04-19,7.91,0.030219944229893825,0.031168453045500533,0.05010208980781572,0.10581928580434652,0.14374512658001826
MSFT,2013-01-24,2013-01-25,0.53,0.0038885352911048887,0.0022737820903622197,-0.004796267034420376,-0.0018454900698541277,0.0518604691553568
MSFT,2012-10-18,2012-10-19,-5.69,-0.012884934216489285,-0.022485790780692017,-0.000786937223137274,-0.030433820668029132,-0.08250283191180985
MSFT,2012-07-19,2012-07-20,18.08,-0.004286027053495567,-0.017776044757568332,-0.02814635696745016,-0.00914792352571947,-0.07516029296136639
MSFT,2012-04-19,2012-04-20,2.86,0.04586603396290123,-0.0008446995553528236,-0.03125883658091111,-0.03172360876016633,-0.07272544654646906
MSFT,2012-01-19,2012-01-20,3.15,0.04340300539098885,0.003250167403080373,-0.015170868188841835,0.024958418445653052,0.0065416202267580825
MSFT,2011-10-20,2011-10-21,0.28,-0.022340111795932316,-0.01115674393513233,-0.04397514021919713,-0.04541632978383092,-0.024001131810324816
MSFT,2011-07-21,2011-07-22,19.41,0.0028187647053428133,0.019376146662375526,0.034288285688939824,0.042132112365920626,0.0882135987749274
MSFT,2011-04-28,2011-04-29,9.61,-0.02303937977261583,-0.008491338905338597,0.014416608758024974,-0.01708876321599162,0.1083112148450679
MSFT,2011-01-27,2011-01-28,12.95,-0.02075100642345229,-0.00823707723581546,-0.02613448814170094,-0.07901510487934005,-0.11057745046990852
MSFT,2010-10-28,2010-10-29,13.02,0.022871032992839657,0.010160727756216126,-0.028949877087652842,-0.05081756846428365,-0.014363558410244837
MSFT,2010-07-22,2010-07-23,9.87,-0.0037263721399838357,0.0008199532106809571,0.0012680441852415125,-0.030124532974706297,-0.07129118020719205
MSFT,2010-04-22,2010-04-23,6.15,-0.021341260359314607,0.008621404120364828,0.011063205732883219,-0.02490254077244669,-0.06809325070047323
MSFT,2010-01-28,2010-01-29,25.26,-0.028003440625889997,-0.007389031236320065,0.0011200620939239014,-0.007279498536710394,-0.00794431588674449
MSFT,2009-10-23,2009-10-26,24.85,0.10073585263296159,0.001445419484826016,-0.0036683146955986956,0.011974480253713171,-0.01278666300958542
MSFT,2009-07-23,2009-07-24,-1.13,-0.08070476559480955,-0.01745565667339921,-0.004662966331186125,-0.0032799853045233363,0.005461021191163429
MSFT,2009-04-23,2009-04-24,0.34,0.08834183864918876,-0.01492816781809636,-0.0462352146045274,-0.07670957566957248,0.08596591872578285
MSFT,2009-01-22,2009-01-23,-4.68,-0.10130375503280176,0.01814166164022324,-0.0024445567477429098,0.10923486421973927,0.07968129768745702
MSFT,2008-10-23,2008-10-24,1.94,0.05968988457409763,-1.8125092139165133e-05,-0.09562868945195468,-0.01135727707452927,-0.17400832355854068
MSFT,2008-07-17,2008-07-18,-2.71,-0.06765251001604622,-0.009063691479344493,0.015569054620709344,0.04214674759838122,0.18086159631411003
MSFT,2008-04-24,2008-04-25,6.44,-0.0651608311427414,-0.028374678540630804,-0.033460518175837284,-0.042169497781363585,-0.04966294512826053
MSFT,2008-01-24,2008-01-25,8.84,0.03775743242367313,-0.023215179912374984,-0.12475013909671306,-0.18378892500547728,-0.12005958334610778
MSFT,2007-10-25,2007-10-26,15.69,0.10683258924945926,-0.016451544154575615,0.07370383295823069,0.026781378178978632,0.0689342758581889
MSFT,2007-07-19,2007-07-20,-8.42,0.014041180945143061,-0.002098595884322263,-0.0021453813482741335,-0.03294690784471743,-0.0471921730419963
MSFT,2007-04-26,2007-04-27,9.18,0.038644027150342986,0.002316457460892485,0.0053128186941613365,0.0007846556956094819,0.00969139856464718
MSFT,2007-01-25,2007-01-26,9.86,-0.003117279365514314,-0.001725133997214301,-0.0322546516377481,-0.06809448960676168,-0.10216545863593396
MSFT,2006-10-26,2006-10-27,12.9,0.004240302505994165,0.007429993364002407,0.023695887410476568,0.0400848794879185,0.04709592548213393
MSFT,2006-07-20,2006-07-21,3.1,0.03392884182998468,-0.012786801113866986,-0.016593676069157848,0.03003749844016501,0.08741308406428527
MSFT,2006-04-27,2006-04-28,-3.03,-0.11706165487001641,0.013935682830857887,-0.022480017092153748,0.009527816113169552,0.03913697863006571
MSFT,2006-01-26,2006-01-27,-0.44,0.03780918151856971,0.008334071046119162,0.0086630313171423,-0.030487939944921827,-0.03943468280354212
MSFT,2005-10-27,2005-10-28,1.23,0.013124302474644578,0.0039038947145657588,0.024978856744042766,0.03646973907000173,-0.027703640007994856
MSFT,2005-07-21,2005-07-22,7.22,-0.02028323085785333,0.0032221261850681193,-0.004344839480278195,0.05224534396522007,-0.010194532665615097
MSFT,2005-04-28,2005-04-29,0.82,0.01154085268226046,-0.008382322622422556,-0.014739107424773912,-0.005174060461881735,-0.05718500795875725
MSFT,2005-01-27,2005-01-28,6.42,0.004829484779073745,-0.0023968139333079286,-0.018496478114251147,-0.06324579247340889,-0.03618494112538162
GOOGL,2026-02-04,2026-02-05,7.01,-0.007630872384270404,-0.04451316791311,-0.07255633693472219,-0.09107458796878776,0.09529603377098472
GOOGL,2025-10-29,2025-10-30,26.88,0.06290281332694114,-0.004310472645430274,0.025620539780638718,0.13225100899749243,0.16855205394487505
GOOGL,2025-07-23,2025-07-24,5.67,-0.004503586141188398,0.001031419686573276,0.0022833927973658907,0.0376631902468314,0.2691392874732017
GOOGL,2025-04-24,2025-04-25,39.84,0.014122616185728853,-0.008716829070428589,-0.01649389301978177,-0.011508273845954209,0.020797578963551278
GOOGL,2025-02-04,2025-02-05,1.18,-0.05998715858954384,-0.002064620000655104,-0.038925972737291925,-0.04705071016516882,-0.08252250373199599
GOOGL,2024-10-29,2024-10-30,14.83,0.04783695081124861,0.00040094199304141487,-0.007266563013782479,-0.06242585360169617,0.0802908539223679
GOOGL,2024-07-23,2024-07-24,2.54,-0.025564683294034052,-0.025781021241851887,-0.02401472679342409,-0.07510115196335776,-0.13421272091946923
GOOGL,2024-04-25,2024-04-26,25.58,0.07492398319448768,-0.03727234487078379,-0.0333534142551275,-0.02399208579880563,-0.0631967662377948
GOOGL,2024-01-30,2024-01-31,2.75,-0.070277700573388,-0.005522241517858406,0.007309987504806825,-0.06389302381492612,0.17150763011898484
GOOGL,2023-10-24,2023-10-25,7.05,-0.072859167252883,-0.014535996881985258,-0.0055507069803313325,0.01280164538408668,0.004697055228057856
GOOGL,2023-07-25,2023-07-26,7.29,0.060803814741509976,0.007635700357467523,0.004926018040942615,0.051378566791947966,0.12613763843274395
GOOGL,2023-04-25,2023-04-26,9.45,-0.0012848722326863626,0.01750414630064223,0.007340879247402121,0.14910734733623854,0.04439652163256236
GOOGL,2023-02-02,2023-02-03,-12.33,0.039540477793897466,-0.011830871258561304,-0.08698983244797132,-0.07298755675217627,0.005013186230098832
GOOGL,2022-10-25,2022-10-26,-16.01,-0.08234860214176465,-0.023207192572242685,-0.06513509100954873,-0.01621501514620549,-0.023220301175090885
GOOGL,2022-07-26,2022-07-27,-6.05,0.03779520287138305,-0.0022825045976491154,0.010963090201564496,-0.025920999190188754,-0.030678048956675252
GOOGL,2022-04-26,2022-04-27,-3.67,-0.04510479636946729,0.011732697990860963,0.041446548781743475,-0.026586628101647913,-0.011450255471258997
GOOGL,2022-02-01,2022-02-02,12.65,0.07730056634903693,-0.009670848794963827,-0.04371277017580644,-0.04795750721005032,-0.13263038193671495
GOOGL,2021-10-26,2021-10-27,20.44,0.06734410526000323,-0.012169063979261985,-0.021145187784718855,-0.034812170390417285,-0.07775773207624137
GOOGL,2021-07-27,2021-07-28,42.7,0.020327249428187533,-0.006473213638066189,-0.0074584840806068975,0.02100659792219184,0.005612217933367747
GOOGL,2021-04-27,2021-04-28,67.76,0.0217632538230903,0.007921119813796507,-0.014812808194505589,0.005015541876058016,0.0702550288745194
GOOGL,2021-02-02,2021-02-03,39.28,0.07265013253107355,-0.013915566329873785,-0.008147584929737217,0.0013687337535466249,0.04668028133969049
GOOGL,2020-10-29,2020-10-30,46.24,0.0700725346091765,-0.006128435111576458,0.016533544099780473,-0.02320723932212987,-0.014684414007302804
GOOGL,2020-07-30,2020-07-31,23.4,-0.027646858394787532,-0.010440025915961049,-0.017650836533865233,0.028118354193148454,0.021170298046180758
GOOGL,2020-04-28,2020-04-29,-8.29,0.034660017778608276,0.012678404278975708,0.03297962895710538,0.023382244287738274,0.024516931883130644
GOOGL,2020-02-03,2020-02-04,21.89,-0.01396806178784904,-0.01110510965146072,0.025886293904725077,0.005084623138933875,0.043760319607500264
GOOGL,2019-10-28,2019-10-29,-14.08,-0.008217580602542851,-0.0030353252181896107,0.011817546323729777,0.005668522823298883,0.06353614979396371
GOOGL,2019-07-25,2019-07-26,23.88,0.09066635010940538,-0.0008932906955830822,-0.008178132442619113,-0.016774154401073882,0.0013465235875964598
GOOGL,2019-04-29,2019-04-30,14.43,-0.06349955054539214,-0.013868876372566952,0.0039483484949907055,-0.012339364095641292,-0.0778634920804041
GOOGL,2019-02-04,2019-02-05,17.57,0.018466959620892398,-0.023840501368850964,-0.024749130028074773,-0.004141968232325155,-0.05818942325084686
GOOGL,2018-10-25,2018-10-26,24.84,0.02515351601397664,-0.039691425479768117,-0.036036542623560264,-0.03383965262164024,0.008842120618651306
GOOGL,2018-07-23,2018-07-24,21.83,0.04341338283292817,0.005617094673033396,-0.023589326582817205,-0.04917702853225525,-0.10416062745749832
GOOGL,2018-04-23,2018-04-24,2.28,-0.03714016889559735,-0.0021291462551409346,0.010103691916762303,0.014885144992163202,0.10305308218966958
GOOGL,2018-02-01,2018-02-02,-2.02,-0.030426567080310996,-0.008936710253963032,-0.01451815149711666,-0.010001380487216105,-0.035936982423336206
GOOGL,2017-10-26,2017-10-27,13.13,0.0330939352931221,0.0032031654757535,0.012917345353465226,0.027312998595379723,0.03871760246850009
GOOGL,2017-07-24,2017-07-25,13.25,-0.027151263824471084,-0.003879397488587011,-0.02278374719145415,-0.02154236405929233,0.00643162724438584
GOOGL,2017-04-27,2017-04-28,6.16,0.041133620485572564,0.006457390394067231,0.021058357164863484,0.05911576634124316,0.0038452865830673755
GOOGL,2017-01-26,2017-01-27,-2.66,-0.013019365700962293,-0.018886308545554176,-0.03108241251222077,-0.030059644882594716,0.005472253018739437
GOOGL,2016-10-27,2016-10-28,8.13,0.0025249026444462697,-0.011834127624542834,-0.028154882451497887,-0.07856265531984263,-0.03969831059254436
GOOGL,2016-07-28,2016-07-29,9.23,0.03577336332563985,0.012960471392254203,0.014818735200475164,0.0015930725289108327,0.061379161076244304
GOOGL,2016-04-21,2016-04-22,-5.77,-0.042562082641339316,0.007741181519015705,-0.02788033957056746,-0.005115113267963101,-0.0187310404862433
GOOGL,2016-02-01,2016-02-02,7.13,0.044068455341726986,-0.04637136284291776,-0.07743010968959108,-0.09954083196887742,-0.1936805565195211
GOOGL,2015-10-22,2015-10-23,2.0,0.04270957608865844,0.018847729208679054,0.023082559253828405,0.0714973036800981,0.10518190525481996
GOOGL,2015-07-16,2015-07-17,-8.25,0.18918271308711132,-0.010209013339896766,-0.043021859516507055,-0.00024961460798822444,0.01350385601966586
GOOGL,2015-04-23,2015-04-24,-2.05,0.03973273732847504,-0.008985862926814692,-0.034827884969249934,-0.03969569746238677,0.2067903790067147
GOOGL,2015-01-29,2015-01-30,-3.49,0.0524690897503135,-0.02233638971812002,-0.03741148417875728,0.006832448284699089,-0.01495437026520352
GOOGL,2014-10-16,2014-10-17,-2.6,-0.04378738415053063,0.008284029755470712,0.00734778126060065,-0.022063881652089723,-0.10420473350485437
GOOGL,2014-07-17,2014-07-18,-2.42,0.02579655862196828,-0.009151108586393009,-0.011668253295891495,-0.025299982580566538,-0.05208496869114421
GOOGL,2014-04-16,2014-04-17,-2.31,-0.021657545826130442,-0.010793901683147644,-0.03671466734541562,-0.03658703283009557,0.028279805026764526
GOOGL,2014-01-30,2014-01-31,-3.19,0.06221734325095962,-0.017749476311361145,-0.011407573199704757,-0.01977229769111677,-0.15098151519031555
GOOGL,2013-10-17,2013-10-18,2.99,0.11277164399475192,-0.008075613745680776,-0.005198225991325023,-0.010555655278429388,0.07102259174007952
GOOGL,2013-07-18,2013-07-19,-11.28,-0.031160107146532723,0.013775477436755557,-0.01219306289494071,-0.02452442985009462,-0.03824167698426861
GOOGL,2013-04-18,2013-04-19,12.69,0.019734650072502635,-0.0041377008280132355,-0.015813932456066215,0.06295208700165889,0.06656051890495984
GOOGL,2013-01-22,2013-01-23,0.82,0.04549245668648272,0.016873376031334653,0.011942306344691955,0.06583698076924405,0.03318460110515331
GOOGL,2012-10-18,2012-10-19,-15.68,-0.07833206336847232,-0.004715725939005266,0.004487799094561873,0.011954392332366726,-0.008463895194083415
GOOGL,2012-07-19,2012-07-20,-0.04,0.05831132447311094,0.01779050198010168,0.023326538442608902,0.0667347795316382,0.15169174275909847
GOOGL,2012-04-12,2012-04-13,4.22,-0.01888482097847144,-0.029010480011076867,-0.051599605824978134,-0.0198552902414465,-0.051876558241712
GOOGL,2012-01-19,2012-01-20,-9.38,-0.08315718388923443,0.0017747407860284614,-0.009270874687894337,-0.0019742242299345403,-0.018414987792116255
GOOGL,2011-10-13,2011-10-14,10.91,0.06365152676985697,0.0034239022480702097,-0.013433455211731893,-0.005194685523536524,-0.0028402427996989665
GOOGL,2011-07-14,2011-07-15,11.82,0.11141899241317976,0.0037164622689992433,0.012540942464278615,0.04640372537928972,-0.01389079483028477
GOOGL,2011-04-14,2011-04-15,-1.46,-0.08350493942970705,0.00393513893195363,-0.022764138096299846,-0.03184912981400578,0.010809770354331949
GOOGL,2011-01-20,2011-01-21,9.15,-0.03246740893187827,-0.006912615064558536,-0.012654025407290659,-0.01815722047030599,-0.16038932804682704
GOOGL,2010-10-14,2010-10-15,14.9,0.10889688913199791,0.022107022122981546,0.012899993599277737,-0.018180836250733634,-0.06415334477223378
GOOGL,2010-07-15,2010-07-16,0.22,-0.03731012269685452,0.008388001520742483,0.031093659711252997,0.042709970101277195,0.07286816427649878
GOOGL,2010-05-05,2010-05-06,2.41,0.023765357247795493,0.0037859561228283933,-0.0025199580061541216,0.054288504903463486,-0.019720023174929824
GOOGL,2010-01-21,2010-01-22,4.88,-0.011284345856883093,-0.023327270727488525,-0.019825078509837946,-0.03096423306771534,-0.10227088728523892
GOOGL,2009-10-15,2009-10-16,8.69,0.030984868198958737,-0.004191150075053773,0.014422447592995491,0.03367122138918366,0.009438931255500771
GOOGL,2009-07-16,2009-07-17,6.29,-0.027403821686879604,-0.01080957046196862,-0.0034712727735055626,-0.0016078383990540956,0.06858993678621839
GOOGL,2009-04-16,2009-04-17,4.93,0.012104303676186534,0.008925621062272682,-0.0021877278986988102,-0.024428923102597033,0.03631509165992797
GOOGL,2009-01-22,2009-01-23,3.16,0.08251749023111243,-0.00941466861878204,0.045962549270660014,0.11830077003910067,0.1440506551146905
GOOGL,2008-10-16,2008-10-17,3.68,0.0629507588830922,-0.04187976148456829,-0.02305754119070469,-0.09712058504647503,-0.10462213669815879
GOOGL,2008-07-17,2008-07-18,-1.78,-0.11763995267728233,-0.026567565281061856,0.026116232486373403,0.026638421527073408,-0.01753476611445004
GOOGL,2008-04-17,2008-04-18,6.86,0.1735276486261328,-0.003508409470720286,0.000532739930738213,0.04519385909391538,0.07869725601311828
GOOGL,2008-01-31,2008-02-01,-0.82,-0.09365606713141661,-0.027068525755871597,0.048171218222339496,-0.07057130413097157,0.08116507442471788
GOOGL,2007-10-18,2007-10-19,3.42,0.04741984294763635,0.0035552021692357716,0.019970334936000977,0.008737429698082444,0.03532004992231652
GOOGL,2007-07-19,2007-07-20,-2.62,-0.0471874513497198,-0.017692839220105117,0.03883464808216064,0.018657770865722623,0.17761619459391897
GOOGL,2007-04-19,2007-04-20,11.22,0.0044251165936610715,-0.003278803826257559,-0.013315087158961347,-0.052117790668742114,0.10457259374481476
GOOGL,2007-01-31,2007-02-01,25.0,-0.03817482963253016,-0.001901819686240036,-0.025087197858171262,-0.04832756171927899,-0.05104073908851825
GOOGL,2006-10-19,2006-10-20,9.57,0.09442273031511017,0.04132044914169497,0.02596570350666183,0.058942568895693936,0.015922159006564796
GOOGL,2006-07-20,2006-07-21,11.76,-0.0084369541773619,-0.016208293635934456,-0.037613846086602676,-0.07167953652537062,-0.027743290611834226
GOOGL,2006-04-20,2006-04-21,13.98,0.06327130908485201,0.009608699537492105,-0.04627413222217058,-0.12258540720739486,-0.027331170415364925
GOOGL,2006-01-31,2006-02-01,-17.32,-0.05827717870744675,-0.0026813544544544987,-0.06760172058766878,-0.07059996534285329,0.01215955724564921
GOOGL,2005-10-20,2005-10-21,8.62,0.11484352991691205,0.010251824334722492,0.03961491500808667,0.11817788382691519,0.19212033689662178
GOOGL,2005-07-21,2005-07-22,7.44,-0.03157940447085639,-0.018826816130150248,-0.05003178407881048,-0.06541324105493429,0.04035244742713395
GOOGL,2005-04-21,2005-04-22,39.43,0.07384618761496164,0.029196127013872974,0.017857463338864843,0.08883162982018922,0.3672251334512784
GOOGL,2005-02-01,2005-02-02,19.48,0.04346366005209901,0.02639050737424875,-0.07015527178719749,-0.10835737727159822,0.09386993986573988
AMZN,2026-02-05,2026-02-06,0.22,-0.10375620133374508,-0.012429210777992084,-0.04197774494072459,0.03295476392405661,0.24977451213666169
AMZN,2025-10-30,2025-10-31,25.2,0.06819675500180888,0.038169205613105994,0.0170376909105433,-0.03971440150942673,-0.030766890027741356
AMZN,2025-07-31,2025-08-01,27.19,-0.04699493624619355,-0.029635182569924923,0.012106714895819826,0.02883127688375975,-0.04832053222741295
AMZN,2025-05-01,2025-05-02,16.77,0.008112243876723602,-0.013372895466067791,0.020481999119329797,0.04195938373342445,0.08889354652413206
AMZN,2025-02-06,2025-02-07,25.29,-0.02401456863883933,0.010620871546181299,-0.016915373991871596,-0.08413893738672529,-0.12556269766250927
AMZN,2024-10-31,2024-11-01,25.22,0.04244586377779813,-0.008708394225346971,0.004241207093396815,0.007497188335667149,0.14337989084628378
AMZN,2024-08-01,2024-08-02,23.76,-0.06952730741742463,-0.011853015347803364,-0.005886471777051816,0.005373438650448925,0.028751959111674275
AMZN,2024-04-30,2024-05-01,17.67,0.008205656184064325,0.02260205291504591,0.01662304841140938,-0.04270079520252312,-0.06880666503401156
AMZN,2024-02-01,2024-02-02,24.38,0.0832697448867874,-0.005089505853724585,0.0015092816416764077,-0.0027266357533781704,-2.2357796464866908e-05
AMZN,2023-10-26,2023-10-27,62.22,0.06876387380427484,0.026951273133478004,0.026552237917089716,0.04983717587376946,0.04176598783946983
AMZN,2023-08-03,2023-08-04,91.19,0.0959802163168878,0.01025842393007359,-0.005714917818032905,-0.02019191511837881,0.017441340852268228
AMZN,2023-04-27,2023-04-28,44.29,-0.024135935984756163,-0.031232984999862823,0.0099254814533275,0.12918980372265554,0.1160395012415607
AMZN,2023-02-02,2023-02-03,-82.2,-0.020511141842503355,-0.005591878035739906,-0.045452369148390015,-0.07412913003354105,0.0021807280817678354
AMZN,2022-10-27,2022-10-28,35.53,-0.12423743819276145,-0.00215712696750614,-0.08763226586601891,-0.10919197159270289,-0.08573109461325434
AMZN,2022-07-28,2022-07-29,-273.3,0.08826167830756626,0.006221570790649222,0.03975718528402994,-0.01490849708611175,-0.03550282888702927
AMZN,2022-04-28,2022-04-29,-190.58,-0.08786839604709384,-0.004261326106133723,-0.07490958311537477,-0.0814149177469713,-0.0042478829297332155
AMZN,2022-02-03,2022-02-04,657.12,0.06556940183197701,0.005087069197336813,-0.00920495240051633,-0.06282187736841116,-0.14263953674072027
AMZN,2021-10-28,2021-10-29,-31.21,-0.017610808013462376,-0.01782729310049791,0.02325145972562992,0.044434828073078636,-0.12340911043689717
AMZN,2021-07-29,2021-07-30,23.06,-0.08266010553123304,0.0032670580781326564,-0.0038623696332575896,-0.020148963494116767,-0.04435686744819245
AMZN,2021-04-29,2021-04-30,67.3,0.0028186781822477913,-0.025496852940865677,-0.06225376038893482,-0.07703623122392944,-0.009619749212091078
AMZN,2021-02-02,2021-02-03,100.1,-0.024016794437196287,-0.005789716072066131,-0.029386708598779565,-0.08763205971722443,-0.04965797436118291
AMZN,2020-10-29,2020-10-30,64.25,-0.039670049602683055,-0.021639564150055413,0.01831347213593837,-0.06533707694497348,-0.09503153030276379
AMZN,2020-07-30,2020-07-31,582.21,0.038927338674284995,-0.02363309887531595,-0.023775338252715716,0.001240974282802565,-0.030191137119092604
AMZN,2020-04-30,2020-05-01,-19.8,-0.0009904495853034767,0.010343543105673536,0.0068068282410882475,0.00044227925287176895,0.17174029767733878
AMZN,2020-01-30,2020-01-31,62.82,0.09609077884376349,-0.009678641239110108,0.0025843402737506516,0.012021533901415249,0.2586898598093055
AMZN,2019-10-24,2019-10-25,-5.79,-0.006212450124678304,0.0033057422831315186,0.0020420303802746176,-0.039896826976650424,-0.03529943305254113
AMZN,2019-07-25,2019-07-26,-5.83,-0.030759128806864933,-0.01392720919833157,-0.030568674784097194,-0.04273032976399638,-0.07889994697092295
AMZN,2019-04-25,2019-04-26,51.64,0.021664541896882383,-0.0078219773042153,0.003951555922685035,-0.029057259221637155,-0.0050505341335904674
AMZN,2019-01-31,2019-02-01,9.54,-0.03572841014361039,-0.002681979351916608,-0.024891407872106197,0.008422036303249891,0.09113732939186292
AMZN,2018-10-25,2018-10-26,86.22,-0.012890481279340227,-0.05772322333615321,-0.01089414464151428,-0.04560266832869764,0.009352377548094593
AMZN,2018-07-26,2018-07-27,99.34,-0.01574628566243641,-0.01571444158400348,-0.004433969227492618,0.02685035173950201,0.002962389769102347
AMZN,2018-04-26,2018-04-27,165.81,0.06589727062040285,0.0035637397928456327,0.00732282023008346,0.002893914076149251,0.1019762875540291
AMZN,2018-02-01,2018-02-02,16.43,0.008447233953178479,0.013884864359676508,-0.012539305254408273,0.077334462446354,0.14067208674519993
AMZN,2017-10-26,2017-10-27,3900.0,0.12212564117118507,0.012717665474914153,0.006802305207498804,0.0764018232212702,0.14668450755401863
AMZN,2017-07-27,2017-07-28,-71.37,-0.029015335387060692,-0.03105913089229262,-0.03384722037266241,-0.06379302695524691,-0.09509221062352236
AMZN,2017-04-27,2017-04-28,34.3,0.01860839017804561,0.022604376821709904,0.0030982213831158845,0.061283680624333314,0.07989738340840913
AMZN,2017-02-02,2017-02-03,9.7,-0.034167993787792006,-0.0013720284167776375,0.011841404270038103,0.008443544014654858,0.12312590548747182
AMZN,2016-10-27,2016-10-28,-35.74,-0.05063466066776412,0.01734233566919885,-0.008625859954976667,-0.049659244873353825,-0.0044238279289061655
AMZN,2016-07-28,2016-07-29,63.72,0.027282654515799143,0.012597664772500572,0.00456694396003221,0.01264643396753029,0.10975117221329056
AMZN,2016-04-28,2016-04-29,76.92,0.1018350520848611,0.028832154925693576,0.024727594625795435,0.06087228067675832,0.05925826635958531
AMZN,2016-01-28,2016-01-29,-37.27,-0.023455991385235908,-0.020405437924701175,-0.11479756951598485,-0.05791355248283214,-0.033123265196923324
AMZN,2015-10-22,2015-10-23,231.17,0.04979738577742787,0.01844996312061098,0.042831767013773225,0.10721289922538357,0.05489640443938604
AMZN,2015-07-23,2015-07-24,240.32,0.10022071077859995,0.009575909773714364,0.0006926493437551251,-0.01712145173428603,0.09977618745454819
AMZN,2015-04-23,2015-04-24,-12.15,0.13702486898093014,-0.010535522903991401,-0.04554986232888725,-0.045580522487244646,0.0910441182517907
AMZN,2015-01-29,2015-01-30,152.53,0.17001016586063056,0.01565332370380723,0.02512332006011686,0.02493386665088959,0.14607974282679947
AMZN,2014-10-23,2014-10-24,-23.73,-0.10219672098693089,0.011511627949946646,0.037472901469568054,0.10656567372216319,0.026008802227493577
AMZN,2014-07-24,2014-07-25,-83.42,-0.09066639502271479,-0.011515505170111018,-0.025912257200693012,0.015959695432066878,-0.021907584482626197
AMZN,2014-04-24,2014-04-25,-2.87,-0.057740106063127405,-0.02702929025749401,0.004256299907980932,0.005886275815137898,0.1186071031049365
AMZN,2014-01-30,2014-01-31,-26.41,-0.07107771763215165,-0.01245497308300425,-0.0017553501285381135,-0.035125179225229175,-0.22092428705338296
AMZN,2013-10-24,2013-10-25,-15.09,0.10419521855028258,-0.01598318852173819,-0.0135581993424434,-0.003074297525445413,0.0558734050864127
AMZN,2013-07-25,2013-07-26,-154.05,0.04021982426593085,-0.01586639222921138,-0.035879607325807084,-0.05578593774143781,0.009940454686980793
AMZN,2013-04-25,2013-04-26,104.55,-0.054255833022885724,-0.02659553495544953,-0.0070644720457164745,-0.017482022133748387,0.10696948242922488
AMZN,2013-01-29,2013-01-30,-21.05,-0.011882372889834958,-0.024151053732525685,-0.0459047334108843,-0.041387852669689584,-0.1249398363521631
AMZN,2012-10-25,2012-10-26,-777.19,0.04033162438301874,-0.02245634069743596,-0.014244311942115506,0.0364530121670843,0.08944254897570936
AMZN,2012-07-26,2012-07-27,-39.76,0.058153839742271174,-0.005182921659103945,-0.014733419279858162,0.01507312409651762,-0.054543942030960024
AMZN,2012-04-26,2012-04-27,333.44,0.15818267361843774,0.025965227687248627,0.011539400718171833,-0.0024888876342110677,0.024276234820231224
AMZN,2012-01-31,2012-02-01,105.85,-0.0744153255514961,0.011008001713774362,0.013012228568940909,-0.0364755191583106,0.1996383597734288
AMZN,2011-10-25,2011-10-26,-44.22,-0.15553495918628657,0.007402661206404426,0.08928824566179994,0.014838910510898473,-0.12177013398426628
AMZN,2011-07-26,2011-07-27,21.52,0.06643246446419049,0.009111164435230856,-0.022523726705768188,-0.03351675858601644,0.11347176189457753
AMZN,2011-04-26,2011-04-27,-28.25,0.04526700010824758,-0.011176697992027362,0.023177965678602974,0.0019523034330295452,0.10427091747116723
AMZN,2011-01-27,2011-01-28,2.64,-0.009193828816774996,-0.016281009438244398,0.0011334079567573152,-0.02995178150526656,0.005269942486558765
AMZN,2010-10-21,2010-10-22,5.85,0.0618507825572332,-0.0037259771355521165,-0.024242123610378363,-0.041875514983384154,0.015540538595792741
AMZN,2010-07-22,2010-07-23,-14.97,-0.01893172731849746,-0.01436953144406694,-0.006976300538938607,0.10087210071958674,0.2989418249497158
AMZN,2010-04-22,2010-04-23,10.89,-0.028652783953364125,0.028005396655711556,-0.020835481796727784,-0.04132164934698512,-0.05862778247025757
AMZN,2010-01-28,2010-01-29,19.38,0.043885885185275364,-0.06769982939868024,-0.05715231987956704,-0.04884065614363031,0.02463380208610233
AMZN,2009-10-22,2009-10-23,37.03,0.26974376031391956,0.06272880550052917,0.04452157871017104,0.08177897382736465,0.02955559826710208
AMZN,2009-07-23,2009-07-24,4.1,-0.05217304311728266,-0.028971883339193316,-0.016088363761198488,-0.06729865104462818,-0.03026027905054729
AMZN,2009-04-23,2009-04-24,34.51,0.041337779122007756,-0.006403526034515883,-0.07931262212773149,-0.13166071019301107,-0.05517397309303873
AMZN,2009-01-29,2009-01-30,30.52,0.22017046167160126,0.04263082187987122,0.08131523444199651,0.2015452969102517,0.3604098764711261
AMZN,2008-10-22,2008-10-23,3.85,0.0452927386296903,0.023687469785776516,0.07670917091772367,-0.12673669191121073,0.08025506022165274
AMZN,2008-07-23,2008-07-24,42.86,0.17361177187703603,-0.00496975321184423,-0.04075101523021818,0.03942670747245591,-0.10352897700825425
AMZN,2008-04-23,2008-04-24,4.94,-0.026749789308942562,0.031549348905397734,0.001252932110679117,0.011605539536591492,-0.03439883964317958
AMZN,2008-01-30,2008-01-31,1.31,0.03996738904349795,-0.05559894401111731,-0.062345360297580865,-0.14442760943269273,0.03347093352083497
AMZN,2007-10-23,2007-10-24,3.6,-0.034286488192988185,-0.008237330504281992,-0.01619379979701141,-0.03639872041793146,0.016948722852784592
AMZN,2007-07-24,2007-07-25,19.8,0.21660988482383747,-0.0015005561270112766,-0.06875752615471009,-0.05640009448819927,0.024056747022103364
AMZN,2007-04-24,2007-04-25,66.67,0.25933936503720134,0.1039494458366852,0.07652134566684232,0.19477250057655926,0.22955009166922768
AMZN,2007-02-01,2007-02-02,16.75,-0.01480666396023611,-0.006427775317455309,0.041578577921579374,0.04242233299505971,0.6285391042784731
AMZN,2006-10-24,2006-10-25,96.85,0.13958388305193425,0.01334603304119808,0.007585219091527984,0.12155182063069092,-0.057420691196323315
AMZN,2006-07-25,2006-07-26,3.55,-0.23953790319190438,0.01237068338844205,-0.016329120562813215,0.04849048465384831,0.15571537677673297
AMZN,2006-04-25,2006-04-26,2.39,0.0038957994534011275,-0.006228494875759716,-0.054889815187308955,0.015674309624165716,-0.0273841728014661
AMZN,2006-02-02,2006-02-03,1.12,-0.11195547263992267,-0.012527141982228152,0.002027453376479249,-0.05339834484709993,-0.1476585076799094
AMZN,2005-10-25,2005-10-26,2.56,-0.14807530021269832,-0.006719314579000213,0.00521889167633649,0.14941466470684128,0.04165201977663591
AMZN,2005-07-26,2005-07-27,45.99,0.14532714449866502,0.04020515896948651,0.04884423724360265,-0.007998152110340828,0.07654882008615227
AMZN,2005-04-26,2005-04-27,12.46,-0.04813699597458776,0.03775910552712636,0.05462132813094467,0.07877469119362623,0.12387213370315076
AMZN,2005-02-02,2005-02-03,-12.94,-0.15884779343708033,-0.01151503814183974,-0.0057180688738796,-0.02889433097043259,-0.05644950010796357
META,2026-01-28,2026-01-29,8.0,0.09917690019583103,-0.02655797210569044,-0.0685791385853669,-0.11047729419887864,-0.11331892587099135
META,2025-10-29,2025-10-30,8.66,-0.10255328450663803,-0.03046824785004465,-0.05731250805403787,-0.0330246805556037,-0.02174532985605171
META,2025-07-30,2025-07-31,21.82,0.10992007427234707,-0.01390281208257782,-0.015279752986611883,-0.05551307940971817,-0.1191446080531322
META,2025-04-30,2025-05-01,23.53,0.024563792046984334,0.028514003498214535,0.03328815143570707,0.07619437584089717,0.08340482408122885
META,2025-01-29,2025-01-30,19.0,0.01792883585593308,0.008495075232938909,0.03425978588398837,-0.00941624854872225,-0.11225888050322552
META,2024-10-30,2024-10-31,13.86,-0.020749597630631667,-0.0049606893703124655,-0.004932603790895218,-0.04775827324922943,0.14378511535005667
META,2024-07-31,2024-08-01,8.45,0.07272762997678206,-0.0006685571106498367,0.0466500651671935,0.012896269685513051,0.08318128660967128
META,2024-04-24,2024-04-25,8.11,-0.10602859040119461,-0.005146678861931653,-0.0023790330396336046,0.010652549433042946,0.0048546029631235665
META,2024-02-01,2024-02-02,7.88,0.1937324695469469,-0.02915960894362113,-0.028341086966373052,0.013645785819756062,-0.11198837434058373
META,2023-10-25,2023-10-26,21.96,-0.05127242713761282,0.03359485134214568,0.03395879383862588,0.0693603294443168,0.17361961117188374
META,2023-07-26,2023-07-27,2.51,0.06502326154130789,0.03438539379191363,0.012814534451553006,-0.04559874214556281,0.05607244459790517
META,2023-04-26,2023-04-27,11.2,0.13382155246921879,-0.0011575205495713004,-0.0034744450940855653,0.05379885563809372,0.1259242768351383
META,2023-02-01,2023-02-02,-21.53,0.24182846391005164,-0.0012372663234739845,-0.03422796159736985,0.011560655552818266,0.28747654086464025
META,2022-10-26,2022-10-27,-11.32,-0.2749267444245095,-0.010925733746946165,-0.06859308986716584,0.07871435925386194,0.386316048284141
META,2022-07-27,2022-07-28,-3.56,-0.0289693210341484,-0.024658413135720925,0.04133944338359874,0.017051625210920074,-0.11660168105118929
META,2022-04-27,2022-04-28,7.57,0.10880135464184648,0.011388141607731717,0.045119805222147646,-0.01594302379027346,-0.14406023342244767
META,2022-02-02,2022-02-03,-4.06,-0.24065154763949137,-0.007520076142613741,-0.04684578717020227,-0.12625239395757581,-0.04296567051010958
META,2021-10-25,2021-10-26,1.52,-0.03337703185857421,-0.006937254280405036,0.025825066485811288,0.041066171761464876,-0.003965377309050333
META,2021-07-28,2021-07-29,17.94,-0.029536882645138207,-0.000781085165140083,0.010458300230208106,0.004181152639902486,-0.1256715306592261
META,2021-04-28,2021-04-29,40.65,0.07936594085648707,-0.00687366672435985,-0.026443323017723785,0.011666255485393351,0.0770128417443432
META,2021-01-27,2021-01-28,19.91,-0.044399775148697196,-0.0051502262272071775,-0.01704486464330235,-0.035078107554286087,0.03405429329209575
META,2020-10-29,2020-10-30,25.57,-0.016668503627951803,-0.017859849620988966,0.042827054006165266,-0.05609910619459435,-0.15420511093389822
META,2020-07-30,2020-07-31,28.88,0.08305293482852849,-0.013693174753431125,0.03357146049477788,0.08395975987205873,0.04882717632337963
META,2020-04-29,2020-04-30,0.66,0.1025605898272961,0.014553652417942486,0.041635539416536416,0.051910016083347,0.023031393006855527
META,2020-01-29,2020-01-30,1.26,-0.04034333647664601,-0.018209125847841845,-0.01292615867393998,0.014466117382114896,0.013701684105963174
META,2019-10-30,2019-10-31,10.84,0.011965273262578568,0.0010152382872075094,-0.022407139325478886,0.01592794895389904,0.08270453611477957
META,2019-07-24,2019-07-25,6.13,-0.008053817175671107,-0.011483368987977971,-0.022558984446158226,-0.06755349510979713,-0.07185749830114685
META,2019-04-24,2019-04-25,-47.31,0.05441769532396845,-0.01381561131508835,-0.0007987765441318517,-0.030178456248282526,0.021888092670631076
META,2019-01-30,2019-01-31,9.35,0.13129193307093168,-0.006360328752352484,-0.0026380546335508237,-0.06531807831629588,0.07503157009113459
META,2018-10-30,2018-10-31,21.14,0.042608893418871974,-0.010905396329323858,-0.04006802720010749,-0.09874801323343119,-0.0035296265143355265
META,2018-07-25,2018-07-26,2.56,-0.1850692435744028,-0.000996220445602769,0.003976804378480359,-0.02770982062435645,-0.1053973488645008
META,2018-04-25,2018-04-26,24.81,0.07795043957637127,-0.0042114779458442,0.013052279822920454,0.04321148984325229,0.15413097325079472
META,2018-01-31,2018-02-01,12.3,0.03254397954182853,0.007216460160582638,-0.026343682659769052,-0.04090527141153533,-0.052364272981196947
META,2017-11-01,2017-11-02,23.94,-0.008042375380875488,-0.0033385783110484457,-0.00012803348865708664,-0.04802053053526567,-0.055423112864830815
META,2017-07-26,2017-07-27,17.46,0.03210899438602888,0.012965985609840525,-0.009883490898959346,-0.0028560790021799898,-0.01861405935965954
META,2017-05-03,2017-05-04,21.35,-0.012590380600456141,-0.007981036671876884,-0.007966529976787262,-0.004362668270003978,0.08338656638924302
META,2017-02-01,2017-02-02,7.41,0.002935553770702981,-0.005823104004676116,0.012796771940215335,0.00162179160406839,0.1127817889838496
META,2016-11-02,2016-11-03,15.41,-0.06279076257283678,0.0073513461268337466,-0.03232194378907449,-0.09054114861446516,0.013585577918014291
META,2016-07-27,2016-07-28,18.68,0.03109081216563281,-0.010094825433986876,-0.0034593082317202484,-0.013170485851944913,0.06444440140409513
META,2016-04-27,2016-04-28,29.18,0.08031692238018506,0.012680398701798379,0.021206420419572103,0.01436230629061952,-0.007802103428429907
META,2016-01-27,2016-01-28,27.56,0.12664745440009173,0.004034461605724626,-0.0005194574081144321,-0.04252783746382449,-0.09973067188712093
META,2015-11-04,2015-11-05,13.85,0.06427420317227361,-0.014739186610590926,0.018463696683127084,-0.021199914966453348,0.12041482884220434
META,2015-07-29,2015-07-30,6.23,-0.007957691429450464,-0.011085794916686154,0.010771184725509864,-0.002770909464599902,0.08389544388242309
META,2015-04-22,2015-04-23,10.21,-0.02191324777341197,-0.0129989098105735,-0.03138317036930405,-0.03450113737652438,0.17641484933076557
META,2015-01-28,2015-01-29,11.0,0.03299389410127229,-0.014219391874179865,-0.051086661767876684,-0.030486616494742158,0.0020032127579161507
META,2014-10-28,2014-10-29,2.88,-0.06499824806533738,-0.029479050288001463,-0.03492939862149036,-0.024903581879689884,-0.030073200296270586
META,2014-07-23,2014-07-24,22.72,0.08016059626792038,0.007482112172812139,-0.003086289907771045,-0.00974712403068334,0.05974747762157828
META,2014-04-23,2014-04-24,42.89,-0.03395011008090654,-0.04371468265993661,0.0019382375348722114,-0.0151198725274716,0.08446973378956169
META,2014-01-29,2014-01-30,-0.29,0.10683261635273222,0.03025247443881174,0.027445437389079896,0.08143411042233928,-0.12816248776161154
META,2013-10-30,2013-10-31,34.6,0.024186227437997587,-0.011550996211704079,-0.047885963599497594,-0.09336988105314925,0.05177081592986088
META,2013-07-24,2013-07-25,52.74,0.3162052136893114,-0.011252098830272339,0.08085290955335456,0.13893311720542767,0.5406444770308299
META,2013-05-01,2013-05-02,-4.14,0.04277375645089321,-0.03292321010606836,-0.08621401142145535,-0.18263677001545076,0.1620685444581711
META,2013-01-30,2013-01-31,308.48,0.012542786853063426,-0.05063636651282,-0.08362666724866163,-0.11939167682003848,-0.19797672948266332
META,2012-10-23,2012-10-24,-134.07,0.21904640459676372,-0.03174946159245473,-0.0920769262693073,0.11644694888745488,0.27091564204602947
META,2012-07-26,2012-07-27,8.83,-0.22712298918945772,-0.02361885103188377,-0.11533313222298702,-0.20176456554104905,-0.2247814321947098
NVDA,2026-02-25,2026-02-26,5.32,-0.04411266491702959,-0.03684440579434989,0.003208097811703836,-0.012195857652577136,0.08001211443862544
NVDA,2025-11-19,2025-11-20,3.46,0.007467914034280265,-0.019704237053941975,-0.06744333311732364,-0.044090452813776215,-0.011814398036737561
NVDA,2025-08-27,2025-08-28,4.1,-0.014630443617031696,-0.027282689011222216,-0.07039766169620465,-0.03364047894607147,-0.025499267167686024
NVDA,2025-05-28,2025-05-29,8.02,0.029093170300102278,-0.028049957427560224,0.0006635045255243277,0.0882089631485361,0.19986245470914543
NVDA,2025-02-26,2025-02-27,5.25,-0.03570768885752873,0.02409488025453954,-0.05864145403296395,-0.04469118645581227,0.09999316540824932
NVDA,2024-11-20,2024-11-21,8.52,-0.00802150829977466,-0.035280443658578076,-0.07236553501901255,-0.08065542261298886,-0.09735238531882351
NVDA,2024-08-28,2024-08-29,5.66,-0.0777600952401376,0.005591252433739147,-0.09330100178382106,0.0058519248227044685,0.13743923156640214
NVDA,2024-05-22,2024-05-23,9.74,0.09836243269860445,0.019106148624635777,0.05352388030957367,0.10273280401608909,0.1603524371363565
NVDA,2024-02-21,2024-02-22,11.4,0.10920439015998396,0.00286258303384912,0.006165458799716861,0.13210525309563326,0.13106877737572198
NVDA,2023-11-21,2023-11-22,18.73,-0.03525838533949577,-0.01991057363068982,-0.04297845443313131,-0.0373542981281727,0.2879775540560048
NVDA,2023-08-23,2023-08-24,29.35,0.035612109704118766,-0.03132743424699336,0.015668560055089875,-0.1063338772285023,0.009899393043097726
NVDA,2023-05-24,2023-05-25,18.8,0.23626459289642443,0.012483719425878226,0.003463294318072352,0.025580124019650263,0.14194728163740344
NVDA,2023-02-22,2023-02-23,9.45,0.1417446697679876,-0.005291136208905423,-0.007676888787552794,0.1641891298820849,0.2725739387122339
NVDA,2022-11-16,2022-11-17,-17.32,-0.048677326610889304,-0.02163548359010814,0.017305628521358196,0.08065821150472896,0.39754193608613697
NVDA,2022-08-24,2022-08-25,-1.49,0.025241114203633286,-0.058430181782710866,-0.1669211556995137,-0.18177974281804687,-0.087438840512018
NVDA,2022-05-25,2022-05-26,4.86,0.0760585379672345,0.02922973204604018,0.035777259145005846,-0.017700170768412016,-0.05909339926243784
NVDA,2022-02-16,2022-02-17,7.97,-0.054768475074224665,-0.028821089476239625,-0.015860512228549006,0.059361688336497354,-0.21368423028216466
NVDA,2021-11-17,2021-11-18,5.81,0.047777935198092036,0.043146006635643275,0.017476761185149403,-0.10464586716429869,-0.11646449523052493
NVDA,2021-08-18,2021-08-19,2.26,0.026886937458759252,0.04346230961742714,0.10010821883351695,0.09965150886847907,0.4695555809141212
NVDA,2021-05-26,2021-05-27,11.44,-0.012719679581180698,0.04705501047336602,0.1270651337087354,0.20825253257438647,0.34786968938344187
NVDA,2021-02-24,2021-02-25,10.37,-0.045666816892450335,0.03573723864912437,-0.05570471291055712,-0.08032107104377972,0.038105390986738596
NVDA,2020-11-18,2020-11-19,14.21,0.009216403844537813,-0.01937909073258115,-0.029780993419204815,-0.04848821839263051,0.006930977629583612
NVDA,2020-08-19,2020-08-20,10.66,-0.008703547554968383,0.04113585402177433,0.01042368199831456,0.022917227746816038,0.03271399226299265
NVDA,2020-05-21,2020-05-22,6.86,0.011289068907846644,-0.046498745305448064,-0.05859382393949675,-7.69038272685485e-05,0.20769647523796864
NVDA,2020-02-13,2020-02-14,12.88,0.06276039854380633,0.025973000512418687,-0.012008263221213844,-0.03231871773577111,0.22349656565606435
NVDA,2019-11-14,2019-11-15,13.17,-0.029702950896626223,0.038882478790671415,0.035474950610306255,0.07873494261675495,0.24073318614878336
NVDA,2019-08-15,2019-08-16,8.24,0.04580176374636191,0.05827059755675035,0.0318974975387023,0.09138111904963697,0.23356551739328824
NVDA,2019-05-16,2019-05-17,8.75,-0.021849022547667074,-0.023925013236119286,-0.06199603439211987,-0.08476011625244884,-0.030381004164491854
NVDA,2019-02-14,2019-02-15,6.5,0.02051838743954071,-0.006179504238892686,0.0008284233807376307,0.052529815726432005,0.00469234937465246
NVDA,2018-11-15,2018-11-16,-4.09,-0.17919850688841377,-0.10307579850406168,-0.046449357539900316,-0.03734029463708266,-0.061376049427669055
NVDA,2018-08-16,2018-08-17,5.09,-0.0666816276128569,0.010196179125916638,0.10332468406365636,0.10450152743991237,-0.18588812946218747
NVDA,2018-05-10,2018-05-11,23.49,-0.01731789271195905,0.002784736330449844,-0.028177188805726172,0.003632809280167182,-0.041223069288135905
NVDA,2018-02-08,2018-02-09,29.95,0.03738650646257036,-0.03213555949849789,0.0062746432032498856,0.011763368157377663,0.05479397167666855
NVDA,2017-11-09,2017-11-10,23.84,0.037308304165256434,-0.01716911144449451,-0.021224060252359234,-0.13060379795963006,0.003763491716421985
NVDA,2017-08-10,2017-08-11,23.84,-0.08117605000047368,0.06985102833441492,0.04129784546288917,0.06371424922724844,0.2797089979507681
NVDA,2017-05-09,2017-05-10,4.53,0.17933157314381476,0.04499793591512902,0.06989790413132535,0.3037462992671478,0.34358462895404185
NVDA,2017-02-09,2017-02-10,15.49,-0.05197305730678248,-0.0515610176450394,-0.07170381756672428,-0.12967200351138308,-0.13160673765200115
NVDA,2016-11-10,2016-11-11,37.75,0.2572482318052627,-0.050006817815227644,0.05165978294154994,-0.02548126002746698,0.25313084222480886
NVDA,2016-08-11,2016-08-12,10.97,0.07365454239232072,-0.003835737187083077,-0.01273912880719763,-0.024846211276939534,0.15201274928426012
NVDA,2016-05-12,2016-05-13,12.97,0.14486504204277506,0.01966168466902185,0.07818248522480564,0.12672062673762152,0.36969246387216304
NVDA,2016-02-17,2016-02-18,19.38,0.10083339307282513,0.013784090433671903,0.04362421450881948,0.03124131030848276,0.2976942358513226
NVDA,2015-11-05,2015-11-06,30.68,0.12710114735725908,0.004893761282598108,-0.019760253542108863,0.061476123830716656,-0.020105212560543095
NVDA,2015-08-06,2015-08-07,66.67,0.12671058739146757,0.022213523056297424,0.01730000414026467,0.024321605040783956,0.2371733155227138
NVDA,2015-02-11,2015-02-12,18.52,0.05423659958872884,-0.003668357340522732,-0.009311737785701713,0.03664655704797093,-0.08391540950011755
NVDA,2014-11-06,2014-11-07,10.05,-0.02183244060495315,0.008474577193616328,-0.004426376953462263,0.039401921695951136,0.02048670866701441
NVDA,2014-08-07,2014-08-08,21.16,0.0710060418397993,-0.008161035619979717,-0.010728444401893356,0.008150685256617995,0.001392661777373183
NVDA,2014-05-08,2014-05-09,27.87,-0.01246720527887657,0.019626881458362888,-0.005465262985477559,0.019721708622280065,-0.04354201136728453
NVDA,2014-02-12,2014-02-13,32.45,0.06264773725986061,0.026162628014175127,0.06892386571409892,0.02211680193537391,0.03348505080363351
NVDA,2013-11-07,2013-11-08,1.25,0.04361806274282798,0.00818587519692171,0.023635524646316908,-0.040381744993403634,0.004078676905586942
NVDA,2013-08-08,2013-08-09,22.34,-0.008303087220701832,-0.007100631532331314,0.06886296436267669,0.05935547852900824,-0.02157486030863298
NVDA,2013-05-09,2013-05-10,15.98,0.045614895499004104,-0.021428472751099603,0.0010935372559752743,-0.010339332849759408,-0.0342536295438296
NVDA,2013-02-13,2013-02-14,17.61,0.022359345978604006,0.001181750859817865,-0.013869636303079025,-0.028774487403017468,0.04683186022548713
NVDA,2012-11-08,2012-11-09,9.18,-0.022141767320876138,-0.02294513527408315,-0.05349183379780975,-0.010707805697701245,-0.0856872053712221
NVDA,2012-08-09,2012-08-10,23.18,0.024915508527269425,0.013492975105388272,-0.007462096309541089,-0.11061256023569632,-0.13482651556801806
NVDA,2012-05-11,2012-05-14,4.17,0.07120773803202785,-0.004159414207077328,-0.048018292433588905,-0.03834627575057559,0.03077724469118781
NVDA,2012-02-15,2012-02-16,9.61,0.006569499557750991,-0.03912029881214685,-0.04658975438108581,-0.1482197964531482,-0.19188462187243538
NVDA,2011-11-10,2011-11-11,11.04,0.017671222315696955,-0.009884897996095932,-0.033144179913023764,-0.010697235508889902,0.01265140877617954
NVDA,2011-08-11,2011-08-12,12.04,-0.008159078654193408,0.01687808512059652,-0.04289219455343207,0.11553658969187985,0.06996685373984901
NVDA,2011-05-12,2011-05-13,37.47,-0.07805090317829078,-0.024327293375769887,-0.006102060801978282,-0.021704143367973106,-0.17269550546972823
NVDA,2011-02-16,2011-02-17,5.7,0.12948009464581767,-0.004032268560404728,-0.0853868163013557,-0.2696548149164457,-0.3071621735626715
NVDA,2010-11-11,2010-11-12,3.02,0.05637741504188698,-0.01065216194035723,0.03620475494264985,0.06252019196131453,0.6502071678347436
NVDA,2010-08-12,2010-08-13,-70.7,0.06649011442561803,-0.0250973283011795,0.0689696444797494,0.09240403057073832,0.2112677085787329
NVDA,2010-05-13,2010-05-14,3.98,-0.08685591066206189,0.0017879416179591434,0.02422315937806474,-0.08499796690606554,-0.2784729329035328
NVDA,2010-02-17,2010-02-18,30.26,-0.0672542398783158,-0.0074727934021173725,-0.014033687733986278,-0.007879738829642324,-0.25365308780308304
NVDA,2009-11-05,2009-11-06,89.24,0.0774341581736937,2.020980604555689e-05,0.007152055627225096,0.1880134283437802,0.20929824186599666
NVDA,2009-08-06,2009-08-07,537.5,0.015267273368219758,-0.030747692668991466,-0.017101253303889452,0.0936171249929707,-0.15536108055930042
NVDA,2009-05-07,2009-05-08,7.41,-0.20894347006060243,0.038173390856774514,-0.00921108201242582,0.15163328114164543,0.35625885267409707
NVDA,2009-02-10,2009-02-11,-89.08,-0.12306099114099223,0.02014164869253743,-0.02473771368195965,0.30547943226237595,0.014808174475502422
NVDA,2008-11-06,2008-11-07,73.61,0.04889980175892494,-0.05111602501807755,-0.10061623549351417,-0.15301570081873606,0.1650572444721483
NVDA,2008-08-12,2008-08-13,-3.85,0.10809119435239922,0.052814251353729524,0.1561501897173172,-0.13606925985982388,-0.08925359583399384
NVDA,2008-05-08,2008-05-09,-9.42,0.028069760550285205,-0.03963791616566481,0.05637379128057218,0.0679011740866916,-0.43206938176161935
NVDA,2008-02-13,2008-02-14,3.56,-0.1317182076141935,-0.014815735221313742,-0.01615538819520368,-0.14860541208778155,-0.07612436871264672
NVDA,2007-11-08,2007-11-09,15.01,-0.05717315130541134,-0.08989806118174659,-0.03175657660131237,-0.02113692749131202,-0.1917498929859045
NVDA,2007-08-09,2007-08-10,20.1,-0.0009217718632641425,-0.014505387214157728,0.024777099853086737,0.14711572550142682,0.2109626425277229
NVDA,2007-05-10,2007-05-11,1.85,0.05282327098219031,-0.007773761058901041,-0.01508133829402547,0.04090676138047633,0.25644164828856497
NVDA,2007-02-13,2007-02-14,1.39,-0.009662767402773165,0.004655062055867409,-0.02622789164362771,-0.1047789704495461,0.007226590238866848
NVDA,2006-11-09,2006-11-10,5.08,0.00019894637169848295,0.042836159781056704,0.03881683761648258,0.023972689212952814,-0.09900822382061614
NVDA,2006-05-11,2006-05-12,-19.37,-0.08309074466699473,0.012422126534221478,-0.05940015742922877,-0.19333041689940622,-0.06577602122265114
NVDA,2006-02-16,2006-02-17,8.33,0.0506007973542455,-0.018791541691716263,-0.00420275350997823,0.0031432419409533896,0.08797643251614384
NVDA,2005-08-11,2005-08-12,21.71,0.07720419744790219,0.01920311719680834,-0.020247394725304013,0.06063653623474652,0.13473721974789554
NVDA,2005-05-12,2005-05-13,32.74,0.14883943389418408,-0.005780085969445015,0.008916056838468744,0.08709802188065363,0.04588121700110959
NVDA,2005-02-17,2005-02-18,21.62,0.1050544998227615,0.027602494070883776,0.023475034626787572,-0.10050274167016582,-0.0714021285992501
TSLA,2026-01-28,2026-01-29,10.96,-0.031194333099103688,0.03623101057160283,-0.02279334149520562,-0.0221298498361705,-0.12421834414899469
TSLA,2025-10-22,2025-10-23,-10.53,0.013714615080889114,-0.04216072653335923,-0.03179144211439666,-0.09108954854064877,-0.06238610059480543
TSLA,2025-07-23,2025-07-24,-0.97,-0.08956758383327323,0.031019717516851397,0.013416508843914432,0.04672850487247793,0.38880190675744375
TSLA,2025-04-22,2025-04-23,-34.89,0.06023740981842951,0.013927572973116975,0.08959888897283919,0.24592642678609766,0.13226128039946206
TSLA,2025-01-29,2025-01-30,-4.83,0.004641116753488994,0.016114272642066663,-0.0669703965403654,-0.2501132388192291,-0.19897451962188484
TSLA,2024-10-23,2024-10-24,20.49,0.20202142156647618,0.033783315858969876,-0.02250960896583365,0.2789885429238894,0.5269386263490219
TSLA,2024-07-23,2024-07-24,-16.15,-0.11703134327299602,0.02493341845227648,0.05674746171611256,-0.002120898557176343,-0.05658924478724936
TSLA,2024-04-23,2024-04-24,-8.14,0.12997233371757755,0.05345033579786751,0.12017001572005659,0.06258139713559485,0.45031951279056015
TSLA,2024-01-24,2024-01-25,-4.1,-0.13329522079524836,0.004665342664019745,0.031715196619028774,0.010529330015366822,-0.24933279602099145
TSLA,2023-10-18,2023-10-19,-9.81,-0.11432089198832329,-0.024602791954678183,-0.03264549609549161,0.005429720343414157,-0.1327515755317933
TSLA,2023-07-19,2023-07-20,11.12,-0.0993449859040616,-0.010954754468143868,-0.028034231682588784,-0.13100584326634224,-0.002439905043528423
TSLA,2023-04-19,2023-04-20,-0.43,-0.11004937377480228,0.01204581476289035,-0.018465733133561923,0.06743617158095638,0.6929219331406382
TSLA,2023-01-25,2023-01-26,7.2,0.10246773173704637,0.10770400896346377,0.1449831914837978,0.24910639541340196,-0.009133618047927117
TSLA,2022-10-19,2022-10-20,5.23,-0.0432188217624917,0.010241145865893975,0.04604938524206248,-0.1952138423131653,-0.45500661649897745
TSLA,2022-07-20,2022-07-21,26.89,0.08999157267935676,0.011253351607149464,0.01558044507570977,0.04172405485743669,-0.14601806546120621
TSLA,2022-04-20,2022-04-21,42.31,-0.0031557585127567345,0.02374148552313715,-0.1067289891787635,-0.18581089741064916,-0.16916017286169438
TSLA,2022-01-26,2022-01-27,6.88,-0.08979999834985375,-0.004029505888244911,0.039209815005357695,-0.03828994775975558,0.20698276435502427
TSLA,2021-10-20,2021-10-21,15.22,0.02785281923884808,0.018575190498671734,0.19431481773890003,0.1907930812285652,0.14276665187818538
TSLA,2021-07-26,2021-07-27,49.86,0.004290109621331695,0.003821998586011066,0.09587291804464826,0.07839923371519952,0.3089588302117401
TSLA,2021-04-26,2021-04-27,19.42,-0.0356804141780499,-0.014384693408695637,-0.03963567615140362,-0.1436914617798717,-0.125104197023714
TSLA,2021-01-27,2021-01-28,-23.91,-0.037919043631232996,-0.030134143871610175,-0.005239322788529455,-0.19866331260979442,-0.22587592179866045
TSLA,2020-10-21,2020-10-22,25.78,0.0055424917982032085,-0.015513516316124631,0.007319049910025965,0.1343562883913374,0.8786136628353773
TSLA,2020-07-22,2020-07-23,1460.77,-0.028945814549067084,-0.05705277709627876,-0.020002503390072923,0.275589151754998,0.3732680146949865
TSLA,2020-04-29,2020-04-30,650.29,-3.3419886160457324e-05,-0.07656059789334779,0.007285934286615059,0.020293493822621578,0.8514937252634307
TSLA,2020-01-29,2020-01-30,17.76,0.12795895427452186,0.03338859099116254,0.1495447323460466,0.1383014656679542,0.3653109405255377
TSLA,2019-10-23,2019-10-24,903.11,0.1680002382455299,0.09083943334593525,0.040999622864276164,0.15107015644530963,0.7920308909272489
TSLA,2019-07-24,2019-07-25,-182.31,-0.1203981016579383,-0.010109058797836634,0.03918228354386222,-0.0036830414900334008,0.12511459943886327
TSLA,2019-04-24,2019-04-25,-209.63,-0.0588179615643184,-0.055095154968655136,-0.011276510945517404,-0.17662388042421862,0.007516390987874377
TSLA,2019-01-30,2019-01-31,-6.46,0.007386543087608999,0.016422929159808586,0.0008177605196308946,-0.07869644654870289,-0.3069889856445477
TSLA,2018-10-24,2018-10-25,12033.95,0.08334393523998707,0.0685308302059563,0.08073847354523522,0.06012978949280856,-0.055680357212098186
TSLA,2018-08-01,2018-08-02,-8.53,0.16863391246527915,-0.008204300462920755,-0.0011650776344518388,-0.16072765305911685,0.002832624967235131
TSLA,2018-05-02,2018-05-03,4.98,-0.04267397697149422,0.020943636899961593,0.03652192096526763,-0.015900019451197123,-0.05066639080751578
TSLA,2018-02-07,2018-02-08,3.44,-0.01338270361555316,-0.030280121025731854,-9.549644476303243e-06,-0.044566711288458016,-0.07973552522295413
TSLA,2017-11-01,2017-11-02,-27.52,-0.0990476112789117,0.019484404137628086,0.010212185633561743,-0.0023770432578416045,0.08398542380611196
TSLA,2017-08-02,2017-08-03,30.67,0.08757111672453466,0.026470195932979168,0.03689936413279937,0.02323604971270088,-0.12425073691406141
TSLA,2017-05-03,2017-05-04,-65.92,-0.0734318065998465,0.03968979192338762,0.09095248313681759,0.12758160858715706,0.05621283327395443
TSLA,2017-02-22,2017-02-23,-40.63,-0.07693624171705904,0.0026766493538341596,-0.029264039843021505,0.0011598984542057211,0.20193320424672678
TSLA,2016-10-26,2016-10-27,3034.44,0.01292270967942677,-0.016847686798411754,-0.06072574134923803,-0.0752472810946253,0.1640592413856674
TSLA,2016-08-03,2016-08-04,-70.21,0.01101915999941383,-0.010694219865069132,-0.03506766318601917,-0.13392407699587427,-0.11994318426704764
TSLA,2016-05-04,2016-05-05,15.2,-0.08371634873899969,0.012414522014782658,-0.027848763393778064,0.009360687624848874,0.02346060244681336
TSLA,2016-02-10,2016-02-11,-670.3,0.02883424309676086,-0.016828526624121487,0.0570808825303164,0.270186038071329,0.2566989438050953
TSLA,2015-11-03,2015-11-04,1.95,0.08358869961871673,0.0016028304468582721,-0.04172627817515928,0.027242916407170914,-0.12025044940255092
TSLA,2015-08-05,2015-08-06,22.22,-0.07075280254524519,-0.01278762297334346,-0.016195859926625533,0.05915985207081642,-0.16243792313822403
TSLA,2015-05-06,2015-05-07,26.7,0.016671121207409212,-0.013968551166983034,0.014836768770899678,0.047802351582560965,0.08864025498959882
TSLA,2015-02-11,2015-02-12,-141.13,-0.07220280005916213,0.0002702686444804314,0.05903506308789752,-0.0552022766902156,0.16786214485629536
TSLA,2014-11-05,2014-11-06,575.0,-0.000759849455989281,-0.005164013996029393,0.03832603372389576,-0.09646364233970417,-0.10400413286770505
TSLA,2014-07-31,2014-08-01,192.03,0.041745679450077566,0.015285244555450328,0.05985898817066815,0.11352146180909228,-0.07350403215569978
TSLA,2014-05-09,2014-05-12,90.93,0.0228017712985904,0.028832813478278263,0.06737227060012008,0.06485464093004123,0.33110922722531155
TSLA,2014-02-19,2014-02-20,54.93,0.0315404083907439,-0.0006216010758290924,0.19340034207758494,0.09895280609618218,-0.11364319145069579
TSLA,2013-11-05,2013-11-06,23.46,-0.1391377836963008,-0.0627069996908457,-0.08925886810336459,-0.08064424811079396,0.1870624853568541
TSLA,2013-08-07,2013-08-08,221.07,0.07929215197209882,-0.00024209222649096418,-0.06983834389647148,0.11003784588808507,0.013810832739573176
TSLA,2013-05-08,2013-05-09,272.09,0.24850335382806676,0.10279796022870524,0.3141477803758921,0.45852929805196574,1.031169969452357
TSLA,2013-02-20,2013-02-21,-24.51,-0.08642086263564186,0.01724593575232869,-0.01729717708295264,-0.006582620898445635,1.4876262856339564
TSLA,2012-11-05,2012-11-06,-1.57,0.06721976351241232,0.03518346864715505,0.050930726700975204,0.09239511849113358,0.1581106908637604
TSLA,2012-07-25,2012-07-26,3.67,-0.0740306303208299,0.030624905990581652,-0.07561639821226607,0.05945508676342093,-0.07250723830280192
TSLA,2012-05-09,2012-05-10,-9.65,0.0956335056221651,-0.018526934197461986,-0.09525573054324377,-0.06591128851698858,-0.1740787065263224
TSLA,2012-02-15,2012-02-16,-10.39,0.02408774407659342,0.020466569427356918,-0.019048560404112402,-0.002404536536707802,-0.11059885816237391
TSLA,2011-11-02,2011-11-03,4.7,0.08912512033028364,0.0014778942232922532,-0.01952480769903353,0.03688800597348574,-0.14464622844434039
TSLA,2011-08-03,2011-08-04,-17.51,-0.05305646213501258,-0.019109050880112832,0.04658614132362482,-0.03595722596083606,0.13198648473396557
TSLA,2011-05-04,2011-05-05,13.66,-0.00038327565970330824,0.021302596135754248,0.03551827176096056,0.16343661224414296,0.1194955637455346
TSLA,2011-02-15,2011-02-16,-10.49,0.06834287033489761,-0.04868213722302572,-0.06714533385030619,-0.03281204127364434,0.108261825428829
TSLA,2010-11-09,2010-11-10,19.38,0.17852411937258905,-0.04119138999408989,0.03620516393213247,0.07802619255361432,-0.3007566106835142
